kanji;kankenLevel
一;10
右;10
雨;10
円;10
王;10
音;10
下;10
火;10
花;10
貝;10
学;10
気;10
九;10
休;10
金;10
玉;10
空;10
犬;10
見;10
月;10
口;10
校;10
五;10
左;10
三;10
山;10
子;10
四;10
糸;10
七;10
車;10
手;10
出;10
小;10
森;10
耳;10
字;10
十;10
女;10
上;10
人;10
水;10
生;10
正;10
青;10
夕;10
石;10
赤;10
千;10
川;10
先;10
早;10
草;10
足;10
村;10
大;10
男;10
竹;10
中;10
虫;10
町;10
天;10
田;10
土;10
二;10
日;10
入;10
年;10
白;10
八;10
百;10
文;10
本;10
木;10
名;10
目;10
立;10
力;10
林;10
六;10
引;9
羽;9
雲;9
遠;9
園;9
何;9
科;9
夏;9
家;9
歌;9
回;9
会;9
海;9
絵;9
角;9
活;9
間;9
画;9
外;9
楽;9
丸;9
岩;9
顔;9
汽;9
記;9
帰;9
弓;9
京;9
強;9
教;9
近;9
牛;9
魚;9
兄;9
形;9
計;9
元;9
言;9
原;9
戸;9
古;9
工;9
公;9
広;9
光;9
考;9
行;9
交;9
高;9
黄;9
谷;9
国;9
黒;9
今;9
午;9
後;9
語;9
合;9
才;9
細;9
作;9
算;9
止;9
矢;9
市;9
姉;9
思;9
紙;9
室;9
社;9
首;9
秋;9
週;9
春;9
書;9
少;9
色;9
食;9
心;9
新;9
親;9
自;9
寺;9
時;9
弱;9
場;9
数;9
図;9
西;9
声;9
星;9
晴;9
切;9
雪;9
船;9
線;9
前;9
組;9
走;9
多;9
太;9
体;9
台;9
地;9
池;9
知;9
茶;9
昼;9
長;9
鳥;9
朝;9
直;9
通;9
弟;9
店;9
点;9
電;9
刀;9
冬;9
当;9
東;9
答;9
頭;9
同;9
道;9
読;9
内;9
南;9
肉;9
半;9
馬;9
売;9
買;9
麦;9
番;9
父;9
風;9
分;9
聞;9
米;9
歩;9
方;9
北;9
母;9
毎;9
妹;9
万;9
明;9
鳴;9
毛;9
門;9
夜;9
野;9
友;9
用;9
曜;9
来;9
里;9
理;9
話;9
悪;8
安;8
暗;8
医;8
委;8
意;8
育;8
院;8
員;8
飲;8
運;8
泳;8
駅;8
央;8
横;8
屋;8
温;8
化;8
荷;8
界;8
開;8
階;8
寒;8
感;8
漢;8
館;8
岸;8
起;8
期;8
客;8
究;8
級;8
急;8
宮;8
球;8
去;8
橋;8
曲;8
局;8
業;8
銀;8
区;8
苦;8
君;8
具;8
係;8
軽;8
血;8
決;8
県;8
研;8
庫;8
湖;8
向;8
幸;8
港;8
根;8
号;8
祭;8
皿;8
仕;8
死;8
始;8
使;8
指;8
歯;8
詩;8
式;8
写;8
者;8
主;8
守;8
取;8
酒;8
州;8
拾;8
終;8
習;8
集;8
宿;8
所;8
暑;8
昭;8
消;8
章;8
商;8
勝;8
植;8
申;8
身;8
神;8
真;8
進;8
深;8
次;8
事;8
持;8
実;8
受;8
住;8
重;8
助;8
乗;8
世;8
整;8
昔;8
全;8
相;8
送;8
想;8
速;8
息;8
族;8
他;8
対;8
待;8
炭;8
短;8
打;8
代;8
第;8
題;8
談;8
着;8
注;8
柱;8
丁;8
帳;8
調;8
追;8
定;8
庭;8
笛;8
鉄;8
転;8
都;8
豆;8
投;8
島;8
登;8
等;8
湯;8
度;8
動;8
童;8
農;8
波;8
配;8
箱;8
畑;8
発;8
反;8
坂;8
板;8
倍;8
皮;8
悲;8
筆;8
氷;8
表;8
品;8
美;8
鼻;8
秒;8
病;8
負;8
服;8
福;8
部;8
物;8
平;8
返;8
勉;8
放;8
味;8
命;8
面;8
問;8
役;8
薬;8
由;8
油;8
有;8
遊;8
予;8
羊;8
洋;8
葉;8
陽;8
様;8
落;8
流;8
旅;8
両;8
緑;8
礼;8
列;8
練;8
路;8
和;8
愛;7
案;7
以;7
衣;7
位;7
茨;7
印;7
英;7
栄;7
媛;7
塩;7
岡;7
億;7
加;7
果;7
貨;7
課;7
改;7
械;7
各;7
覚;7
潟;7
完;7
官;7
管;7
関;7
観;7
芽;7
賀;7
害;7
街;7
願;7
岐;7
希;7
季;7
旗;7
器;7
機;7
求;7
泣;7
給;7
挙;7
共;7
協;7
鏡;7
競;7
極;7
議;7
漁;7
熊;7
訓;7
軍;7
郡;7
群;7
径;7
景;7
欠;7
結;7
建;7
健;7
験;7
芸;7
固;7
功;7
好;7
香;7
候;7
康;7
佐;7
差;7
菜;7
埼;7
最;7
崎;7
昨;7
札;7
刷;7
察;7
参;7
産;7
散;7
材;7
残;7
氏;7
司;7
試;7
鹿;7
失;7
借;7
種;7
周;7
祝;7
初;7
松;7
笑;7
唱;7
焼;7
照;7
臣;7
信;7
児;7
治;7
滋;7
辞;7
順;7
城;7
縄;7
井;7
成;7
省;7
清;7
静;7
席;7
積;7
折;7
節;7
説;7
浅;7
戦;7
選;7
然;7
争;7
倉;7
巣;7
束;7
側;7
卒;7
孫;7
続;7
帯;7
隊;7
達;7
単;7
置;7
仲;7
沖;7
兆;7
低;7
底;7
的;7
典;7
伝;7
徒;7
灯;7
特;7
徳;7
栃;7
努;7
働;7
奈;7
梨;7
熱;7
念;7
敗;7
博;7
阪;7
飯;7
梅;7
飛;7
必;7
票;7
標;7
不;7
夫;7
付;7
阜;7
府;7
富;7
副;7
兵;7
辺;7
変;7
別;7
便;7
包;7
法;7
望;7
牧;7
末;7
満;7
未;7
民;7
無;7
約;7
勇;7
要;7
養;7
浴;7
利;7
陸;7
良;7
料;7
量;7
輪;7
類;7
令;7
冷;7
例;7
連;7
老;7
労;7
録;7
圧;6
囲;6
移;6
因;6
永;6
営;6
衛;6
易;6
益;6
液;6
演;6
応;6
往;6
桜;6
可;6
仮;6
河;6
価;6
過;6
快;6
解;6
格;6
確;6
刊;6
幹;6
慣;6
額;6
眼;6
紀;6
規;6
基;6
寄;6
喜;6
久;6
旧;6
救;6
居;6
許;6
境;6
均;6
禁;6
技;6
義;6
逆;6
句;6
型;6
経;6
潔;6
件;6
険;6
検;6
限;6
現;6
減;6
故;6
個;6
効;6
厚;6
耕;6
航;6
鉱;6
構;6
興;6
講;6
告;6
混;6
護;6
査;6
再;6
災;6
妻;6
採;6
際;6
殺;6
酸;6
賛;6
在;6
財;6
罪;6
雑;6
士;6
支;6
史;6
志;6
枝;6
師;6
資;6
飼;6
識;6
質;6
舎;6
謝;6
修;6
招;6
証;6
象;6
賞;6
織;6
職;6
示;6
似;6
授;6
述;6
術;6
準;6
序;6
条;6
状;6
常;6
情;6
制;6
性;6
政;6
勢;6
精;6
製;6
責;6
績;6
設;6
接;6
税;6
絶;6
祖;6
素;6
総;6
則;6
測;6
率;6
損;6
造;6
増;6
像;6
属;6
貸;6
態;6
団;6
断;6
築;6
貯;6
張;6
停;6
程;6
提;6
適;6
統;6
得;6
堂;6
銅;6
導;6
毒;6
独;6
任;6
燃;6
能;6
破;6
犯;6
判;6
版;6
比;6
肥;6
非;6
費;6
評;6
貧;6
備;6
布;6
婦;6
復;6
複;6
粉;6
武;6
仏;6
編;6
弁;6
保;6
報;6
豊;6
墓;6
防;6
貿;6
暴;6
脈;6
務;6
夢;6
迷;6
綿;6
輸;6
余;6
容;6
略;6
留;6
領;6
歴;6
胃;5
異;5
遺;5
域;5
宇;5
映;5
延;5
沿;5
恩;5
灰;5
拡;5
革;5
閣;5
割;5
株;5
干;5
看;5
巻;5
簡;5
我;5
危;5
机;5
貴;5
揮;5
吸;5
供;5
胸;5
郷;5
筋;5
勤;5
疑;5
系;5
敬;5
警;5
穴;5
券;5
絹;5
権;5
憲;5
劇;5
激;5
源;5
厳;5
己;5
呼;5
后;5
孝;5
皇;5
紅;5
降;5
鋼;5
刻;5
穀;5
骨;5
困;5
誤;5
砂;5
済;5
裁;5
策;5
冊;5
蚕;5
座;5
至;5
私;5
姿;5
視;5
詞;5
誌;5
射;5
捨;5
尺;5
収;5
宗;5
衆;5
就;5
縮;5
処;5
署;5
諸;5
承;5
将;5
傷;5
障;5
針;5
磁;5
若;5
樹;5
従;5
縦;5
熟;5
純;5
除;5
蒸;5
仁;5
垂;5
推;5
寸;5
盛;5
聖;5
誠;5
宣;5
専;5
染;5
泉;5
洗;5
銭;5
舌;5
善;5
奏;5
窓;5
装;5
創;5
層;5
操;5
存;5
尊;5
蔵;5
臓;5
退;5
宅;5
担;5
探;5
誕;5
段;5
暖;5
値;5
宙;5
忠;5
著;5
庁;5
頂;5
腸;5
潮;5
賃;5
痛;5
敵;5
展;5
党;5
討;5
糖;5
届;5
難;5
乳;5
認;5
納;5
脳;5
派;5
拝;5
背;5
肺;5
俳;5
班;5
晩;5
否;5
批;5
秘;5
俵;5
腹;5
奮;5
並;5
陛;5
閉;5
片;5
補;5
宝;5
訪;5
暮;5
亡;5
忘;5
棒;5
枚;5
幕;5
密;5
盟;5
模;5
訳;5
郵;5
優;5
預;5
幼;5
翌;5
欲;5
卵;5
乱;5
覧;5
裏;5
律;5
臨;5
朗;5
論;5
握;4
扱;4
依;4
威;4
為;4
偉;4
違;4
維;4
緯;4
壱;4
芋;4
陰;4
隠;4
鋭;4
影;4
越;4
援;4
鉛;4
煙;4
縁;4
汚;4
押;4
奥;4
憶;4
菓;4
暇;4
箇;4
介;4
戒;4
皆;4
壊;4
較;4
獲;4
刈;4
甘;4
汗;4
乾;4
勧;4
監;4
歓;4
環;4
鑑;4
雅;4
含;4
祈;4
奇;4
鬼;4
幾;4
輝;4
詰;4
却;4
脚;4
及;4
丘;4
朽;4
巨;4
拠;4
距;4
凶;4
叫;4
狂;4
況;4
狭;4
恐;4
響;4
驚;4
戯;4
儀;4
御;4
仰;4
駆;4
屈;4
掘;4
繰;4
恵;4
継;4
傾;4
肩;4
兼;4
軒;4
剣;4
圏;4
堅;4
遣;4
迎;4
撃;4
玄;4
枯;4
誇;4
鼓;4
抗;4
攻;4
更;4
荒;4
恒;4
項;4
稿;4
込;4
婚;4
互;4
豪;4
鎖;4
彩;4
載;4
歳;4
咲;4
惨;4
剤;4
旨;4
伺;4
刺;4
脂;4
紫;4
雌;4
執;4
芝;4
斜;4
煮;4
釈;4
朱;4
狩;4
趣;4
舟;4
秀;4
襲;4
瞬;4
召;4
床;4
沼;4
称;4
紹;4
詳;4
殖;4
触;4
飾;4
侵;4
振;4
浸;4
寝;4
慎;4
震;4
薪;4
寂;4
需;4
柔;4
獣;4
巡;4
旬;4
盾;4
丈;4
畳;4
尽;4
陣;4
尋;4
吹;4
姓;4
征;4
跡;4
占;4
扇;4
鮮;4
是;4
訴;4
僧;4
燥;4
騒;4
即;4
贈;4
俗;4
耐;4
替;4
沢;4
拓;4
丹;4
淡;4
嘆;4
端;4
濁;4
脱;4
弾;4
致;4
恥;4
遅;4
蓄;4
跳;4
徴;4
澄;4
沈;4
珍;4
抵;4
堤;4
摘;4
滴;4
添;4
殿;4
吐;4
途;4
渡;4
到;4
逃;4
透;4
唐;4
桃;4
倒;4
盗;4
塔;4
稲;4
踏;4
闘;4
峠;4
突;4
奴;4
怒;4
胴;4
鈍;4
曇;4
弐;4
悩;4
濃;4
杯;4
輩;4
迫;4
拍;4
泊;4
薄;4
髪;4
般;4
販;4
搬;4
範;4
繁;4
爆;4
抜;4
罰;4
盤;4
彼;4
疲;4
被;4
避;4
匹;4
浜;4
尾;4
微;4
描;4
敏;4
怖;4
浮;4
普;4
腐;4
膚;4
賦;4
敷;4
幅;4
払;4
噴;4
舞;4
柄;4
壁;4
捕;4
舗;4
抱;4
砲;4
峰;4
忙;4
坊;4
肪;4
冒;4
帽;4
傍;4
凡;4
盆;4
慢;4
漫;4
妙;4
眠;4
矛;4
霧;4
娘;4
茂;4
猛;4
網;4
黙;4
紋;4
躍;4
雄;4
与;4
誉;4
腰;4
溶;4
踊;4
謡;4
翼;4
雷;4
頼;4
絡;4
欄;4
離;4
粒;4
慮;4
療;4
隣;4
涙;4
隷;4
齢;4
麗;4
暦;4
劣;4
烈;4
恋;4
露;4
郎;4
惑;4
腕;4
哀;3
慰;3
詠;3
悦;3
閲;3
炎;3
宴;3
欧;3
殴;3
乙;3
卸;3
穏;3
佳;3
架;3
華;3
嫁;3
怪;3
悔;3
塊;3
郭;3
隔;3
穫;3
掛;3
滑;3
肝;3
冠;3
貫;3
勘;3
喚;3
換;3
敢;3
緩;3
餓;3
該;3
慨;3
概;3
岳;3
企;3
忌;3
軌;3
既;3
棋;3
棄;3
騎;3
菊;3
吉;3
喫;3
虚;3
峡;3
脅;3
斤;3
緊;3
欺;3
犠;3
虐;3
凝;3
愚;3
偶;3
遇;3
刑;3
契;3
啓;3
掲;3
携;3
憩;3
鶏;3
倹;3
賢;3
鯨;3
幻;3
孤;3
弧;3
雇;3
顧;3
孔;3
甲;3
巧;3
坑;3
拘;3
郊;3
控;3
硬;3
絞;3
慌;3
綱;3
酵;3
克;3
恨;3
紺;3
魂;3
墾;3
娯;3
悟;3
獄;3
債;3
催;3
削;3
搾;3
錯;3
撮;3
擦;3
暫;3
祉;3
施;3
諮;3
疾;3
湿;3
赦;3
殊;3
匠;3
昇;3
掌;3
晶;3
焦;3
衝;3
鐘;3
嘱;3
辛;3
伸;3
審;3
侍;3
慈;3
軸;3
邪;3
寿;3
遵;3
潤;3
如;3
徐;3
冗;3
錠;3
嬢;3
譲;3
辱;3
炊;3
粋;3
衰;3
酔;3
遂;3
穂;3
随;3
髄;3
瀬;3
牲;3
婿;3
請;3
斥;3
隻;3
惜;3
籍;3
摂;3
潜;3
繕;3
阻;3
粗;3
措;3
礎;3
双;3
桑;3
掃;3
葬;3
遭;3
促;3
憎;3
賊;3
胎;3
怠;3
袋;3
逮;3
滞;3
滝;3
択;3
卓;3
託;3
胆;3
鍛;3
諾;3
奪;3
壇;3
稚;3
畜;3
窒;3
抽;3
鋳;3
駐;3
彫;3
超;3
聴;3
陳;3
鎮;3
墜;3
訂;3
帝;3
締;3
哲;3
斗;3
塗;3
凍;3
陶;3
痘;3
匿;3
篤;3
豚;3
尿;3
粘;3
排;3
帆;3
伴;3
畔;3
藩;3
婆;3
陪;3
縛;3
伐;3
蛮;3
卑;3
碑;3
泌;3
姫;3
漂;3
苗;3
赴;3
符;3
封;3
伏;3
覆;3
紛;3
墳;3
癖;3
芳;3
邦;3
奉;3
胞;3
倣;3
崩;3
飽;3
縫;3
翻;3
募;3
慕;3
簿;3
乏;3
妨;3
房;3
某;3
膨;3
謀;3
墨;3
没;3
魔;3
埋;3
膜;3
又;3
魅;3
滅;3
免;3
幽;3
誘;3
憂;3
揚;3
揺;3
擁;3
抑;3
裸;3
濫;3
吏;3
隆;3
了;3
陵;3
猟;3
糧;3
厘;3
励;3
零;3
霊;3
裂;3
廉;3
錬;3
炉;3
浪;3
廊;3
楼;3
漏;3
湾;3
亜;pre2
尉;pre2
逸;pre2
姻;pre2
韻;pre2
畝;pre2
浦;pre2
疫;pre2
謁;pre2
猿;pre2
凹;pre2
翁;pre2
虞;pre2
蚊;pre2
渦;pre2
禍;pre2
靴;pre2
寡;pre2
稼;pre2
拐;pre2
懐;pre2
垣;pre2
核;pre2
殻;pre2
嚇;pre2
且;pre2
括;pre2
喝;pre2
渇;pre2
褐;pre2
轄;pre2
缶;pre2
陥;pre2
患;pre2
閑;pre2
堪;pre2
棺;pre2
款;pre2
寛;pre2
還;pre2
憾;pre2
艦;pre2
劾;pre2
涯;pre2
頑;pre2
飢;pre2
糾;pre2
窮;pre2
拒;pre2
享;pre2
挟;pre2
恭;pre2
矯;pre2
菌;pre2
琴;pre2
謹;pre2
襟;pre2
宜;pre2
偽;pre2
擬;pre2
暁;pre2
吟;pre2
勲;pre2
薫;pre2
隅;pre2
茎;pre2
蛍;pre2
渓;pre2
慶;pre2
傑;pre2
嫌;pre2
献;pre2
謙;pre2
繭;pre2
顕;pre2
懸;pre2
弦;pre2
江;pre2
肯;pre2
洪;pre2
侯;pre2
貢;pre2
溝;pre2
衡;pre2
購;pre2
酷;pre2
昆;pre2
懇;pre2
呉;pre2
碁;pre2
拷;pre2
剛;pre2
唆;pre2
詐;pre2
砕;pre2
宰;pre2
栽;pre2
斎;pre2
索;pre2
酢;pre2
桟;pre2
傘;pre2
肢;pre2
嗣;pre2
賜;pre2
漆;pre2
遮;pre2
酌;pre2
爵;pre2
珠;pre2
囚;pre2
臭;pre2
酬;pre2
愁;pre2
醜;pre2
叔;pre2
粛;pre2
淑;pre2
俊;pre2
庶;pre2
緒;pre2
升;pre2
肖;pre2
抄;pre2
尚;pre2
症;pre2
祥;pre2
宵;pre2
訟;pre2
渉;pre2
硝;pre2
粧;pre2
詔;pre2
奨;pre2
彰;pre2
礁;pre2
償;pre2
津;pre2
唇;pre2
娠;pre2
紳;pre2
診;pre2
璽;pre2
蛇;pre2
儒;pre2
汁;pre2
充;pre2
渋;pre2
銃;pre2
塾;pre2
准;pre2
殉;pre2
循;pre2
叙;pre2
浄;pre2
剰;pre2
壌;pre2
醸;pre2
刃;pre2
迅;pre2
甚;pre2
帥;pre2
睡;pre2
枢;pre2
崇;pre2
据;pre2
杉;pre2
斉;pre2
逝;pre2
誓;pre2
析;pre2
拙;pre2
窃;pre2
仙;pre2
栓;pre2
旋;pre2
践;pre2
遷;pre2
薦;pre2
繊;pre2
禅;pre2
漸;pre2
租;pre2
疎;pre2
塑;pre2
壮;pre2
荘;pre2
捜;pre2
挿;pre2
曹;pre2
喪;pre2
槽;pre2
霜;pre2
藻;pre2
泰;pre2
濯;pre2
但;pre2
棚;pre2
妥;pre2
堕;pre2
惰;pre2
駄;pre2
痴;pre2
逐;pre2
秩;pre2
嫡;pre2
衷;pre2
弔;pre2
挑;pre2
眺;pre2
釣;pre2
懲;pre2
勅;pre2
朕;pre2
塚;pre2
漬;pre2
坪;pre2
呈;pre2
廷;pre2
邸;pre2
貞;pre2
亭;pre2
逓;pre2
偵;pre2
艇;pre2
迭;pre2
徹;pre2
撤;pre2
泥;pre2
悼;pre2
筒;pre2
搭;pre2
棟;pre2
謄;pre2
騰;pre2
督;pre2
凸;pre2
屯;pre2
洞;pre2
軟;pre2
尼;pre2
妊;pre2
忍;pre2
寧;pre2
把;pre2
覇;pre2
廃;pre2
伯;pre2
舶;pre2
肌;pre2
鉢;pre2
頒;pre2
煩;pre2
培;pre2
媒;pre2
賠;pre2
漠;pre2
閥;pre2
妃;pre2
披;pre2
扉;pre2
罷;pre2
賓;pre2
頻;pre2
猫;pre2
瓶;pre2
扶;pre2
附;pre2
譜;pre2
沸;pre2
雰;pre2
憤;pre2
侮;pre2
丙;pre2
併;pre2
塀;pre2
幣;pre2
弊;pre2
偏;pre2
遍;pre2
泡;pre2
俸;pre2
褒;pre2
堀;pre2
奔;pre2
紡;pre2
剖;pre2
朴;pre2
僕;pre2
撲;pre2
麻;pre2
摩;pre2
磨;pre2
抹;pre2
岬;pre2
銘;pre2
妄;pre2
盲;pre2
耗;pre2
厄;pre2
愉;pre2
諭;pre2
癒;pre2
唯;pre2
悠;pre2
裕;pre2
猶;pre2
融;pre2
庸;pre2
窯;pre2
羅;pre2
酪;pre2
痢;pre2
履;pre2
柳;pre2
竜;pre2
硫;pre2
虜;pre2
涼;pre2
僚;pre2
寮;pre2
倫;pre2
累;pre2
塁;pre2
戻;pre2
鈴;pre2
賄;pre2
枠;pre2
挨;2
曖;2
宛;2
嵐;2
畏;2
萎;2
椅;2
彙;2
咽;2
淫;2
唄;2
鬱;2
怨;2
艶;2
旺;2
臆;2
俺;2
苛;2
楷;2
潰;2
諧;2
柿;2
葛;2
釜;2
鎌;2
韓;2
牙;2
瓦;2
崖;2
蓋;2
骸;2
顎;2
玩;2
伎;2
亀;2
毀;2
畿;2
臼;2
嗅;2
巾;2
僅;2
錦;2
串;2
窟;2
惧;2
詣;2
稽;2
憬;2
桁;2
拳;2
鍵;2
隙;2
舷;2
股;2
虎;2
錮;2
乞;2
勾;2
梗;2
喉;2
駒;2
頃;2
痕;2
傲;2
沙;2
采;2
塞;2
柵;2
刹;2
拶;2
挫;2
斬;2
恣;2
摯;2
𠮟;2
嫉;2
腫;2
袖;2
羞;2
蹴;2
憧;2
拭;2
尻;2
芯;2
餌;2
呪;2
腎;2
須;2
裾;2
凄;2
醒;2
脊;2
戚;2
羨;2
腺;2
詮;2
煎;2
箋;2
膳;2
狙;2
遡;2
爽;2
曽;2
痩;2
踪;2
捉;2
遜;2
汰;2
堆;2
戴;2
旦;2
綻;2
唾;2
誰;2
緻;2
酎;2
貼;2
嘲;2
捗;2
椎;2
爪;2
鶴;2
諦;2
塡;2
溺;2
妬;2
賭;2
藤;2
頓;2
瞳;2
貪;2
丼;2
那;2
謎;2
鍋;2
匂;2
虹;2
捻;2
剝;2
箸;2
氾;2
汎;2
斑;2
罵;2
膝;2
肘;2
眉;2
訃;2
蔽;2
餅;2
璧;2
蔑;2
哺;2
蜂;2
頰;2
貌;2
睦;2
勃;2
昧;2
枕;2
蜜;2
冥;2
麺;2
冶;2
弥;2
闇;2
喩;2
湧;2
妖;2
瘍;2
沃;2
拉;2
辣;2
藍;2
璃;2
慄;2
侶;2
瞭;2
瑠;2
呂;2
賂;2
弄;2
籠;2
麓;2
脇;2
阿;pre1
啞;pre1
蛙;pre1
娃;pre1
偓;pre1
渥;pre1
斡;pre1
按;pre1
庵;pre1
鞍;pre1
夷;pre1
伊;pre1
惟;pre1
葦;pre1
飴;pre1
謂;pre1
鮪;pre1
郁;pre1
溢;pre1
鰯;pre1
允;pre1
胤;pre1
寅;pre1
蔭;pre1
迂;pre1
烏;pre1
蔚;pre1
云;pre1
曳;pre1
盈;pre1
洩;pre1
瑛;pre1
穎;pre1
叡;pre1
嬰;pre1
亦;pre1
苑;pre1
奄;pre1
掩;pre1
堰;pre1
淵;pre1
焰;pre1
鳶;pre1
厭;pre1
薗;pre1
鴛;pre1
燕;pre1
於;pre1
姶;pre1
凰;pre1
鴨;pre1
鴦;pre1
襖;pre1
鶯;pre1
鷗;pre1
鸚;pre1
禾;pre1
瓜;pre1
伽;pre1
茄;pre1
卦;pre1
迦;pre1
珂;pre1
嘩;pre1
嘉;pre1
榎;pre1
樺;pre1
蝦;pre1
霞;pre1
芥;pre1
廻;pre1
恢;pre1
晦;pre1
堺;pre1
魁;pre1
檜;pre1
蟹;pre1
塙;pre1
赫;pre1
劃;pre1
廓;pre1
摑;pre1
樫;pre1
筈;pre1
函;pre1
侃;pre1
竿;pre1
姦;pre1
柑;pre1
莞;pre1
桓;pre1
菅;pre1
澗;pre1
翰;pre1
舘;pre1
諫;pre1
灌;pre1
臥;pre1
俄;pre1
峨;pre1
蛾;pre1
駕;pre1
亥;pre1
苅;pre1
咳;pre1
凱;pre1
碍;pre1
漑;pre1
鎧;pre1
鍔;pre1
鰐;pre1
雁;pre1
翫;pre1
癌;pre1
贋;pre1
巌;pre1
祁;pre1
其;pre1
稀;pre1
葵;pre1
箕;pre1
嬉;pre1
槻;pre1
毅;pre1
窺;pre1
磯;pre1
徽;pre1
麒;pre1
鰭;pre1
掬;pre1
鞠;pre1
麴;pre1
吃;pre1
迄;pre1
桔;pre1
橘;pre1
仇;pre1
汲;pre1
灸;pre1
玖;pre1
笈;pre1
韮;pre1
鳩;pre1
厩;pre1
渠;pre1
噓;pre1
鋸;pre1
叶;pre1
兇;pre1
匡;pre1
劫;pre1
杏;pre1
怯;pre1
俠;pre1
喬;pre1
僑;pre1
蕎;pre1
彊;pre1
橿;pre1
饗;pre1
旭;pre1
粁;pre1
芹;pre1
欣;pre1
衿;pre1
欽;pre1
禽;pre1
檎;pre1
妓;pre1
祇;pre1
誼;pre1
蟻;pre1
禦;pre1
尭;pre1
狗;pre1
矩;pre1
俱;pre1
駈;pre1
軀;pre1
粂;pre1
喰;pre1
寓;pre1
袈;pre1
圭;pre1
荊;pre1
桂;pre1
珪;pre1
畦;pre1
卿;pre1
罫;pre1
慧;pre1
頸;pre1
鮭;pre1
繫;pre1
馨;pre1
頁;pre1
訣;pre1
蕨;pre1
倦;pre1
捲;pre1
牽;pre1
硯;pre1
絢;pre1
萱;pre1
喧;pre1
蜎;pre1
鰹;pre1
鹼;pre1
戟;pre1
彦;pre1
絃;pre1
諺;pre1
乎;pre1
姑;pre1
胡;pre1
狐;pre1
袴;pre1
菰;pre1
壺;pre1
跨;pre1
鈷;pre1
瑚;pre1
糊;pre1
叩;pre1
弘;pre1
亙;pre1
亘;pre1
宏;pre1
亨;pre1
肴;pre1
肱;pre1
庚;pre1
昂;pre1
杭;pre1
佼;pre1
垢;pre1
巷;pre1
恰;pre1
紘;pre1
晃;pre1
浩;pre1
倖;pre1
皐;pre1
袷;pre1
釦;pre1
腔;pre1
蛤;pre1
鉤;pre1
幌;pre1
膏;pre1
閤;pre1
縞;pre1
糠;pre1
藁;pre1
鮫;pre1
鴻;pre1
鵠;pre1
礦;pre1
攪;pre1
忽;pre1
惚;pre1
艮;pre1
坤;pre1
昏;pre1
梱;pre1
伍;pre1
冴;pre1
吾;pre1
梧;pre1
醐;pre1
壕;pre1
濠;pre1
嚙;pre1
轟;pre1
叉;pre1
乍;pre1
些;pre1
紗;pre1
蓑;pre1
裟;pre1
嵯;pre1
瑳;pre1
哉;pre1
柴;pre1
砦;pre1
晒;pre1
啐;pre1
犀;pre1
榊;pre1
窄;pre1
朔;pre1
笹;pre1
撒;pre1
薩;pre1
珊;pre1
蒜;pre1
餐;pre1
燦;pre1
纂;pre1
讃;pre1
坐;pre1
之;pre1
巳;pre1
只;pre1
仔;pre1
弛;pre1
此;pre1
孜;pre1
屍;pre1
砥;pre1
笥;pre1
匙;pre1
梓;pre1
偲;pre1
覗;pre1
斯;pre1
蒔;pre1
獅;pre1
髭;pre1
鴫;pre1
悉;pre1
蛭;pre1
櫛;pre1
柘;pre1
這;pre1
勺;pre1
杓;pre1
灼;pre1
錫;pre1
諏;pre1
酋;pre1
柊;pre1
洲;pre1
萩;pre1
葺;pre1
蒐;pre1
輯;pre1
繡;pre1
鰍;pre1
龝;pre1
鷲;pre1
夙;pre1
粥;pre1
隼;pre1
峻;pre1
竣;pre1
舜;pre1
駿;pre1
杵;pre1
渚;pre1
黍;pre1
薯;pre1
曙;pre1
藷;pre1
丞;pre1
庄;pre1
妾;pre1
昌;pre1
秤;pre1
哨;pre1
菖;pre1
娼;pre1
捷;pre1
梢;pre1
湘;pre1
蛸;pre1
蔣;pre1
裳;pre1
嘗;pre1
摺;pre1
蕉;pre1
廠;pre1
樟;pre1
錆;pre1
鞘;pre1
樵;pre1
橡;pre1
篠;pre1
鍬;pre1
鍾;pre1
醬;pre1
埴;pre1
蝕;pre1
燭;pre1
辰;pre1
矧;pre1
疹;pre1
秦;pre1
晋;pre1
賑;pre1
榛;pre1
槙;pre1
而;pre1
痔;pre1
爾;pre1
雀;pre1
惹;pre1
竪;pre1
綬;pre1
嬬;pre1
濡;pre1
廿;pre1
什;pre1
戎;pre1
惇;pre1
淳;pre1
閏;pre1
馴;pre1
楯;pre1
醇;pre1
汝;pre1
恕;pre1
鋤;pre1
杖;pre1
茸;pre1
穣;pre1
擾;pre1
壬;pre1
荏;pre1
訊;pre1
靱;pre1
稔;pre1
塵;pre1
儘;pre1
翠;pre1
錘;pre1
錐;pre1
嵩;pre1
趨;pre1
雛;pre1
椙;pre1
瑞;pre1
蕊;pre1
栖;pre1
甥;pre1
貰;pre1
棲;pre1
靖;pre1
鉦;pre1
鯖;pre1
瀞;pre1
汐;pre1
碩;pre1
蹟;pre1
屑;pre1
鱈;pre1
舛;pre1
尖;pre1
苫;pre1
穿;pre1
茜;pre1
閃;pre1
栴;pre1
釧;pre1
揃;pre1
銑;pre1
煽;pre1
箭;pre1
賤;pre1
撰;pre1
蟬;pre1
糎;pre1
脆;pre1
苒;pre1
姐;pre1
岨;pre1
疏;pre1
鼠;pre1
楚;pre1
蘇;pre1
匝;pre1
宋;pre1
蚤;pre1
葱;pre1
惣;pre1
湊;pre1
蒼;pre1
搔;pre1
綜;pre1
聡;pre1
槍;pre1
漕;pre1
噌;pre1
糟;pre1
甑;pre1
藪;pre1
鎗;pre1
叢;pre1
竈;pre1
鰺;pre1
巽;pre1
噂;pre1
樽;pre1
鱒;pre1
粟;pre1
詑;pre1
詫;pre1
苔;pre1
岱;pre1
殆;pre1
碓;pre1
腿;pre1
黛;pre1
托;pre1
啄;pre1
琢;pre1
擢;pre1
鐸;pre1
凧;pre1
韃;pre1
坦;pre1
耽;pre1
蛋;pre1
湛;pre1
椴;pre1
歎;pre1
檀;pre1
簞;pre1
騨;pre1
陀;pre1
柁;pre1
舵;pre1
雫;pre1
楕;pre1
乃;pre1
迺;pre1
醍;pre1
灘;pre1
智;pre1
馳;pre1
蜘;pre1
筑;pre1
蛛;pre1
丑;pre1
紐;pre1
紬;pre1
註;pre1
厨;pre1
苧;pre1
猪;pre1
樗;pre1
儲;pre1
瀦;pre1
吊;pre1
帖;pre1
凋;pre1
脹;pre1
喋;pre1
牒;pre1
肇;pre1
蔦;pre1
銚;pre1
暢;pre1
蝶;pre1
諜;pre1
鯛;pre1
寵;pre1
砧;pre1
椿;pre1
槌;pre1
鎚;pre1
辻;pre1
汀;pre1
剃;pre1
釘;pre1
悌;pre1
挺;pre1
梯;pre1
碇;pre1
禎;pre1
鼎;pre1
綴;pre1
鄭;pre1
薙;pre1
蹄;pre1
鵜;pre1
荻;pre1
鏑;pre1
姪;pre1
畷;pre1
轍;pre1
辿;pre1
淀;pre1
甜;pre1
顚;pre1
纏;pre1
禰;pre1
佃;pre1
鮎;pre1
澱;pre1
兎;pre1
杜;pre1
菟;pre1
堵;pre1
鍍;pre1
吋;pre1
宕;pre1
沓;pre1
套;pre1
兜;pre1
逗;pre1
桶;pre1
淘;pre1
董;pre1
塘;pre1
嶋;pre1
蕩;pre1
撞;pre1
樋;pre1
濤;pre1
檮;pre1
禱;pre1
鐙;pre1
栂;pre1
禿;pre1
竺;pre1
瀆;pre1
沌;pre1
敦;pre1
遁;pre1
噸;pre1
桐;pre1
萄;pre1
吞;pre1
凪;pre1
捺;pre1
楠;pre1
宍;pre1
撚;pre1
膿;pre1
囊;pre1
巴;pre1
杷;pre1
琶;pre1
頗;pre1
播;pre1
簸;pre1
吠;pre1
盃;pre1
牌;pre1
稗;pre1
狛;pre1
柏;pre1
粕;pre1
箔;pre1
硲;pre1
畠;pre1
捌;pre1
潑;pre1
醱;pre1
噺;pre1
叛;pre1
磐;pre1
幡;pre1
芭;pre1
狽;pre1
楳;pre1
煤;pre1
駁;pre1
曝;pre1
筏;pre1
挽;pre1
蕃;pre1
庇;pre1
枇;pre1
毘;pre1
匪;pre1
斐;pre1
緋;pre1
誹;pre1
轡;pre1
疋;pre1
畢;pre1
弼;pre1
逼;pre1
彪;pre1
豹;pre1
瓢;pre1
牝;pre1
彬;pre1
斌;pre1
瀕;pre1
梶;pre1
琵;pre1
謬;pre1
鋲;pre1
廟;pre1
錨;pre1
芙;pre1
斧;pre1
埠;pre1
鮒;pre1
楓;pre1
弗;pre1
吻;pre1
扮;pre1
焚;pre1
糞;pre1
蕪;pre1
撫;pre1
篦;pre1
碧;pre1
僻;pre1
篇;pre1
瞥;pre1
娩;pre1
鞭;pre1
甫;pre1
圃;pre1
葡;pre1
蒲;pre1
輔;pre1
鋪;pre1
呆;pre1
庖;pre1
朋;pre1
峯;pre1
逢;pre1
捧;pre1
烹;pre1
蓬;pre1
蔀;pre1
鞄;pre1
鳳;pre1
鋒;pre1
鴇;pre1
鵬;pre1
戊;pre1
牡;pre1
姥;pre1
莫;pre1
菩;pre1
卯;pre1
牟;pre1
茅;pre1
虻;pre1
萌;pre1
鉾;pre1
卜;pre1
穆;pre1
柾;pre1
俣;pre1
沫;pre1
麿;pre1
蔓;pre1
鰻;pre1
粍;pre1
鵡;pre1
棉;pre1
緬;pre1
摸;pre1
孟;pre1
蒙;pre1
杢;pre1
勿;pre1
籾;pre1
椛;pre1
悶;pre1
匁;pre1
也;pre1
耶;pre1
爺;pre1
鑓;pre1
愈;pre1
尤;pre1
邑;pre1
酉;pre1
佑;pre1
祐;pre1
宥;pre1
柚;pre1
揖;pre1
楢;pre1
猷;pre1
輿;pre1
涌;pre1
遥;pre1
蓉;pre1
楊;pre1
傭;pre1
熔;pre1
蠅;pre1
耀;pre1
鷹;pre1
慾;pre1
螺;pre1
萊;pre1
洛;pre1
蘭;pre1
李;pre1
哩;pre1
浬;pre1
狸;pre1
裡;pre1
鯉;pre1
栗;pre1
葎;pre1
掠;pre1
笠;pre1
琉;pre1
溜;pre1
劉;pre1
亮;pre1
凌;pre1
菱;pre1
梁;pre1
椋;pre1
稜;pre1
綾;pre1
諒;pre1
遼;pre1
淋;pre1
琳;pre1
燐;pre1
鱗;pre1
麟;pre1
婁;pre1
屢;pre1
伶;pre1
苓;pre1
怜;pre1
玲;pre1
嶺;pre1
礪;pre1
蠣;pre1
蓮;pre1
煉;pre1
漣;pre1
憐;pre1
聯;pre1
簾;pre1
魯;pre1
蕗;pre1
櫓;pre1
鷺;pre1
牢;pre1
狼;pre1
蝋;pre1
聾;pre1
肋;pre1
禄;pre1
漉;pre1
倭;pre1
窪;pre1
歪;pre1
隈;pre1
或;pre1
椀;pre1
碗;pre1
丫;1
堊;1
婀;1
椏;1
痾;1
鴉;1
錏;1
鐚;1
阨;1
哇;1
埃;1
欸;1
隘;1
鞋;1
噯;1
藹;1
靄;1
靉;1
あおさば;1
幄;1
齷;1
遖;1
軋;1
遏;1
閼;1
蚫;1
晏;1
菴;1
罨;1
諳;1
餡;1
鮟;1
黯;1
已;1
矣;1
苡;1
怡;1
姨;1
洟;1
韋;1
恚;1
倚;1
痍;1
帷;1
猗;1
貽;1
幃;1
欹;1
渭;1
痿;1
肄;1
蝟;1
頤;1
熨;1
縊;1
噫;1
彝;1
鰄;1
饐;1
懿;1
鵤;1
閾;1
澳;1
燠;1
鬻;1
いさざ;1
鶍;1
弌;1
聿;1
佚;1
軼;1
鴪;1
鎰;1
鷸;1
圦;1
鮇;1
尹;1
茵;1
蚓;1
殷;1
婬;1
喑;1
堙;1
湮;1
隕;1
酳;1
慇;1
殞;1
螾;1
贇;1
霪;1
于;1
盂;1
禹;1
竽;1
紆;1
桙;1
傴;1
齲;1
茴;1
鯏;1
鯎;1
芸;1
紜;1
耘;1
慍;1
暈;1
褞;1
縕;1
薀;1
繧;1
蘊;1
韞;1
饂;1
咏;1
郢;1
裔;1
塋;1
楹;1
瑩;1
霙;1
殪;1
翳;1
瀛;1
蠑;1
贏;1
癭;1
纓;1
奕;1
掖;1
腋;1
蜴;1
懌;1
繹;1
鯣;1
鱛;1
曰;1
戉;1
粤;1
鉞;1
噎;1
噦;1
蛯;1
魞;1
衍;1
爰;1
冤;1
莚;1
悁;1
捐;1
婉;1
淹;1
焉;1
偃;1
掾;1
湲;1
筵;1
蜒;1
蜿;1
嫣;1
蝘;1
豌;1
鋺;1
閻;1
閹;1
轅;1
檐;1
簷;1
嚥;1
臙;1
鼴;1
讌;1
魘;1
黶;1
唹;1
淤;1
嗚;1
噁;1
汪;1
怏;1
枉;1
泓;1
殃;1
瓮;1
秧;1
媼;1
鞅;1
嘔;1
嫗;1
懊;1
甌;1
謳;1
甕;1
鏖;1
罌;1
嚶;1
鶲;1
鮱;1
膃;1
縅;1
俤;1
颪;1
瘟;1
鰮;1
戈;1
囮;1
找;1
呵;1
枷;1
柯;1
珈;1
痂;1
哥;1
笳;1
舸;1
訛;1
谺;1
葭;1
訶;1
跏;1
軻;1
堝;1
遐;1
廈;1
瑕;1
窩;1
裹;1
夥;1
蝸;1
蝌;1
踝;1
罅;1
顆;1
譁;1
譌;1
鰕;1
丐;1
夬;1
价;1
乖;1
疥;1
徊;1
枴;1
迴;1
偕;1
蛔;1
喙;1
愒;1
揩;1
傀;1
褂;1
詼;1
隗;1
匯;1
嵬;1
誨;1
誡;1
槐;1
瑰;1
薤;1
廨;1
懈;1
獪;1
膾;1
邂;1
醢;1
鱠;1
嬶;1
恪;1
挌;1
狢;1
埆;1
桷;1
喀;1
椁;1
貉;1
膈;1
幗;1
愨;1
槨;1
霍;1
骼;1
馘;1
擱;1
蠖;1
覈;1
矍;1
癨;1
攫;1
鷽;1
钁;1
鵥;1
錺;1
鮖;1
鎹;1
綛;1
纃;1
鯑;1
桛;1
刮;1
劼;1
曷;1
戛;1
聒;1
蛞;1
猾;1
瞎;1
羯;1
蝎;1
豁;1
闊;1
鞨;1
黠;1
蠍;1
叺;1
裃;1
丱;1
奸;1
扞;1
罕;1
坎;1
旱;1
旰;1
杆;1
邯;1
坩;1
拑;1
咸;1
奐;1
宦;1
柬;1
疳;1
悍;1
捍;1
栞;1
浣;1
蚶;1
啣;1
涵;1
皖;1
稈;1
酣;1
喊;1
嵌;1
揀;1
渙;1
豢;1
骭;1
戡;1
煥;1
箝;1
銜;1
緘;1
嫻;1
嫺;1
盥;1
圜;1
寰;1
撼;1
橄;1
澣;1
癇;1
瞰;1
艱;1
駻;1
鼾;1
歛;1
檻;1
瀚;1
轗;1
鰔;1
鹹;1
懽;1
鐶;1
鰥;1
鬟;1
讙;1
驩;1
鸛;1
莪;1
哦;1
娥;1
訝;1
衙;1
鵝;1
乂;1
艾;1
垓;1
孩;1
豈;1
啀;1
剴;1
睚;1
愾;1
皚;1
磑;1
駭;1
鮠;1
礙;1
咢;1
萼;1
鄂;1
愕;1
諤;1
壑;1
鶚;1
齶;1
呏;1
莟;1
偐;1
嵒;1
頷;1
龕;1
几;1
卉;1
圻;1
杞;1
癸;1
枳;1
耆;1
剞;1
唏;1
萁;1
跂;1
馗;1
悸;1
掎;1
晞;1
欷;1
逵;1
喟;1
揆;1
朞;1
畸;1
祺;1
詭;1
跪;1
愧;1
暉;1
綺;1
綦;1
匱;1
僖;1
踑;1
麾;1
熙;1
冀;1
曁;1
熹;1
禧;1
虧;1
覬;1
諱;1
燬;1
簣;1
騏;1
櫃;1
譏;1
餽;1
饋;1
饑;1
羇;1
羈;1
屭;1
驥;1
椈;1
鞫;1
鶎;1
鱚;1
屹;1
佶;1
拮;1
訖;1
糺;1
岌;1
疚;1
穹;1
邱;1
咎;1
柩;1
赳;1
躬;1
蚯;1
逑;1
毬;1
翕;1
舅;1
裘;1
摎;1
樛;1
歙;1
鬮;1
苣;1
炬;1
秬;1
倨;1
筥;1
鉅;1
踞;1
墟;1
歔;1
遽;1
醵;1
欅;1
孒;1
匈;1
夾;1
羌;1
矜;1
姜;1
恟;1
恊;1
拱;1
洶;1
莢;1
陜;1
框;1
皎;1
竟;1
梟;1
筐;1
蛩;1
蛬;1
筴;1
跫;1
兢;1
誑;1
篋;1
鋏;1
鞏;1
嬌;1
僵;1
薑;1
襁;1
徼;1
橇;1
繦;1
竅;1
疆;1
蹻;1
轎;1
嚮;1
驕;1
亟;1
洫;1
勖;1
棘;1
跼;1
蕀;1
髷;1
檋;1
瓩;1
竏;1
听;1
忻;1
衾;1
菫;1
掀;1
窘;1
鈞;1
釿;1
箘;1
槿;1
瑾;1
噤;1
擒;1
懃;1
覲;1
麕;1
饉;1
釁;1
沂;1
羲;1
嶬;1
嶷;1
礒;1
魏;1
艤;1
曦;1
巍;1
瘧;1
謔;1
圉;1
馭;1
僥;1
嶢;1
澆;1
翹;1
蟯;1
驍;1
垠;1
崟;1
憖;1
齦;1
吁;1
劬;1
吼;1
佝;1
枸;1
栩;1
煦;1
嶇;1
窶;1
瞿;1
懼;1
衢;1
倔;1
崛;1
椚;1
俥;1
葷;1
裙;1
皹;1
燻;1
醺;1
禺;1
颶;1
麌;1
嵎;1
耦;1
藕;1
冏;1
盻;1
迥;1
剄;1
勁;1
奎;1
挂;1
炯;1
勍;1
奚;1
硅;1
絅;1
脛;1
袿;1
逕;1
痙;1
笄;1
煢;1
禊;1
綮;1
閨;1
夐;1
磬;1
薊;1
髻;1
檠;1
谿;1
蹊;1
蟪;1
謦;1
醯;1
瓊;1
鶪;1
纈;1
孑;1
刔;1
抉;1
訐;1
挈;1
桀;1
偈;1
厥;1
歇;1
碣;1
竭;1
頡;1
獗;1
闕;1
譎;1
蹶;1
襭;1
幵;1
姸;1
俔;1
痃;1
虔;1
娟;1
枅;1
涓;1
狷;1
眷;1
惓;1
愃;1
筧;1
腱;1
蒹;1
蜆;1
鉗;1
愆;1
慊;1
暄;1
綣;1
蜷;1
慳;1
搴;1
歉;1
甄;1
諠;1
黔;1
嶮;1
臉;1
謇;1
蹇;1
壎;1
瞼;1
繝;1
羂;1
鵑;1
騫;1
譴;1
顴;1
倪;1
猊;1
睨;1
貎;1
霓;1
鯢;1
麑;1
黥;1
囈;1
郤;1
覡;1
鴃;1
闃;1
檄;1
鬩;1
鷁;1
孼;1
櫱;1
齧;1
糵;1
芫;1
阮;1
呟;1
眩;1
衒;1
鉉;1
愿;1
螈;1
儼;1
冱;1
夸;1
估;1
刳;1
呱;1
怙;1
沽;1
罟;1
胯;1
凅;1
蛄;1
扈;1
涸;1
瓠;1
觚;1
詁;1
辜;1
琥;1
痼;1
賈;1
箍;1
滬;1
滸;1
蝴;1
鴣;1
瞽;1
餬;1
蠱;1
亢;1
扣;1
扛;1
伉;1
肛;1
肓;1
匣;1
吭;1
杠;1
汞;1
矼;1
苟;1
呷;1
杲;1
昊;1
狎;1
缸;1
胛;1
咬;1
哄;1
姮;1
恍;1
洽;1
洸;1
狡;1
盍;1
羔;1
耿;1
冓;1
胱;1
蚣;1
訌;1
逅;1
哽;1
哮;1
栲;1
桄;1
烋;1
倥;1
寇;1
悾;1
晧;1
淆;1
皓;1
窖;1
絳;1
絖;1
絎;1
蛟;1
隍;1
徨;1
惶;1
傚;1
猴;1
粳;1
蒿;1
觥;1
詬;1
遑;1
閘;1
頏;1
媾;1
搆;1
溘;1
滉;1
煌;1
睾;1
箜;1
誥;1
遘;1
閧;1
慷;1
敲;1
槁;1
槓;1
槔;1
熕;1
犒;1
篁;1
篌;1
膠;1
蝗;1
靠;1
餃;1
篝;1
薨;1
鬨;1
嚆;1
磽;1
覯;1
鍠;1
鵁;1
鴿;1
簧;1
鎬;1
闔;1
壙;1
羹;1
鏗;1
曠;1
鰉;1
纊;1
纐;1
鱇;1
黌;1
糀;1
凩;1
剋;1
哭;1
斛;1
梏;1
槲;1
轂;1
鮲;1
鯒;1
兀;1
矻;1
笏;1
榾;1
鶻;1
鮗;1
鞐;1
榀;1
怺;1
很;1
狠;1
袞;1
悃;1
菎;1
崑;1
棍;1
渾;1
焜;1
蒟;1
跟;1
壼;1
溷;1
褌;1
滾;1
諢;1
鯀;1
鯤;1
鶤;1
忤;1
沍;1
茣;1
唔;1
圄;1
晤;1
牾;1
蜈;1
寤;1
鼯;1
齬;1
吽;1
哈;1
盒;1
敖;1
毫;1
嗷;1
慠;1
遨;1
熬;1
螯;1
囂;1
鱟;1
鼇;1
蓙;1
鮴;1
扠;1
岔;1
柤;1
莎;1
娑;1
梭;1
渣;1
嗟;1
嗄;1
搓;1
槎;1
瑣;1
磋;1
簑;1
鮓;1
蹉;1
鯊;1
犲;1
洒;1
豺;1
倅;1
釵;1
崔;1
淬;1
猜;1
靫;1
焠;1
腮;1
綵;1
蔡;1
摧;1
寨;1
縡;1
儕;1
賽;1
顋;1
鰓;1
灑;1
纔;1
曬;1
さかほこ;1
柞;1
炸;1
做;1
筰;1
嘖;1
槊;1
醋;1
簀;1
齪;1
鑿;1
逧;1
扎;1
紮;1
箚;1
颯;1
扨;1
汕;1
芟;1
刪;1
衫;1
閂;1
跚;1
盞;1
粲;1
潸;1
簒;1
糝;1
繖;1
霰;1
驂;1
攢;1
纘;1
鑽;1
爨;1
塹;1
嶄;1
慙;1
槧;1
竄;1
鏨;1
儳;1
巉;1
懺;1
讒;1
尸;1
卮;1
朿;1
豕;1
阯;1
址;1
沚;1
祀;1
呰;1
泗;1
侈;1
茲;1
咨;1
咫;1
屎;1
俟;1
疵;1
祠;1
祗;1
翅;1
舐;1
虒;1
蚩;1
畤;1
耜;1
趾;1
徙;1
梔;1
瓷;1
痣;1
竢;1
粢;1
觜;1
貲;1
啻;1
廁;1
弑;1
揣;1
肆;1
蓍;1
嗜;1
嗤;1
塒;1
滓;1
緇;1
輜;1
駟;1
駛;1
魳;1
嘴;1
幟;1
廝;1
篩;1
縒;1
諡;1
錙;1
鴟;1
熾;1
鮨;1
鵄;1
贄;1
鯔;1
鰤;1
鷙;1
聢;1
梻;1
桎;1
瑟;1
蝨;1
蟋;1
隰;1
躾;1
炙;1
偖;1
奢;1
鉈;1
蔗;1
赭;1
藉;1
瀉;1
鷓;1
芍;1
妁;1
斫;1
綽;1
繳;1
爍;1
癪;1
嚼;1
鑠;1
鯱;1
侏;1
茱;1
炷;1
娶;1
棕;1
銖;1
麈;1
繻;1
鬚;1
岫;1
泅;1
脩;1
售;1
啾;1
愀;1
湫;1
綉;1
遒;1
楸;1
楫;1
溲;1
聚;1
甃;1
皺;1
緝;1
銹;1
螽;1
鞦;1
鰌;1
讐;1
驟;1
俶;1
菽;1
倏;1
蓿;1
蹙;1
蟀;1
齣;1
悛;1
浚;1
逡;1
皴;1
雋;1
惷;1
蕣;1
儁;1
濬;1
鰆;1
蠢;1
苴;1
沮;1
胥;1
疽;1
砠;1
蛆;1
詛;1
雎;1
墅;1
嶼;1
劭;1
邵;1
炒;1
牀;1
庠;1
陞;1
峭;1
悚;1
悄;1
浹;1
倡;1
笙;1
舂;1
逍;1
捷;1
淌;1
猖;1
稍;1
竦;1
翔;1
鈔;1
廂;1
敞;1
椒;1
椄;1
睫;1
筱;1
頌;1
誚;1
誦;1
韶;1
嶂;1
慴;1
摏;1
銷;1
霄;1
餉;1
慫;1
憔;1
樅;1
殤;1
漿;1
璋;1
瘴;1
蕭;1
薔;1
踵;1
霎;1
嘯;1
聳;1
燮;1
檣;1
牆;1
聶;1
觴;1
蹤;1
鬆;1
鮹;1
簫;1
艢;1
鏘;1
瀟;1
囁;1
懾;1
鱆;1
鷦;1
鱶;1
顳;1
昃;1
喞;1
寔;1
蜀;1
軾;1
嗇;1
禝;1
稷;1
謖;1
穡;1
贖;1
矚;1
岑;1
忱;1
沁;1
呻;1
抻;1
哂;1
畛;1
袗;1
宸;1
脣;1
晨;1
軫;1
罧;1
蓁;1
蜃;1
嗔;1
斟;1
蔘;1
滲;1
瞋;1
箴;1
蕈;1
縉;1
臻;1
鍼;1
駸;1
齔;1
簪;1
瀋;1
譖;1
襯;1
鷆;1
讖;1
籡;1
怩;1
峙;1
恃;1
珥;1
輀;1
孳;1
膩;1
臑;1
邇;1
忸;1
衄;1
舳;1
衵;1
昵;1
麝;1
蒻;1
搦;1
鵲;1
鶸;1
戍;1
孺;1
襦;1
顬;1
狃;1
絨;1
揉;1
糅;1
蹂;1
鞣;1
孰;1
朮;1
戌;1
恤;1
荀;1
徇;1
恂;1
洵;1
筍;1
詢;1
蓴;1
諄;1
鶉;1
抒;1
茹;1
絮;1
舒;1
耡;1
蜍;1
仍;1
仗;1
拯;1
烝;1
掟;1
嫋;1
蕘;1
諚;1
遶;1
襄;1
嬲;1
繞;1
攘;1
饒;1
禳;1
躡;1
鑷;1
驤;1
蓐;1
溽;1
褥;1
縟;1
仞;1
紉;1
恁;1
袵;1
糂;1
蕁;1
潯;1
燼;1
贐;1
鱏;1
祟;1
萃;1
陲;1
彗;1
悴;1
捶;1
瘁;1
綏;1
榱;1
膵;1
隧;1
雖;1
燧;1
邃;1
騅;1
芻;1
菘;1
陬;1
鄒;1
苆;1
鯐;1
辷;1
隋;1
惴;1
砌;1
穽;1
眥;1
凊;1
晟;1
菁;1
悽;1
旌;1
淒;1
惺;1
掣;1
猩;1
睛;1
筬;1
腥;1
蜻;1
嘶;1
撕;1
薺;1
擠;1
臍;1
鶄;1
躋;1
齎;1
霽;1
齏;1
躮;1
迹;1
淅;1
跖;1
晰;1
皙;1
蓆;1
裼;1
勣;1
蜥;1
瘠;1
槭;1
磧;1
螫;1
蹐;1
蹠;1
鶺;1
泄;1
浙;1
紲;1
啜;1
晢;1
梲;1
絏;1
渫;1
楔;1
截;1
緤;1
薛;1
褻;1
歠;1
刋;1
仟;1
阡;1
吮;1
疝;1
戔;1
荐;1
陝;1
旃;1
栫;1
涎;1
倩;1
痊;1
笘;1
剪;1
筌;1
筅;1
孱;1
牋;1
跣;1
尠;1
僉;1
僊;1
綫;1
銓;1
銛;1
僭;1
翦;1
嬋;1
潺;1
璇;1
磚;1
擅;1
暹;1
甎;1
簓;1
餞;1
氈;1
獮;1
瞻;1
濺;1
燹;1
簽;1
羶;1
蟾;1
蘚;1
譫;1
贍;1
闡;1
孅;1
鐫;1
饌;1
殲;1
癬;1
顫;1
籤;1
鱓;1
韆;1
甅;1
竰;1
毳;1
筮;1
蛻;1
蜹;1
噬;1
贅;1
冉;1
喘;1
髯;1
蠕;1
咀;1
徂;1
泝;1
胙;1
怎;1
俎;1
祚;1
梳;1
甦;1
酥;1
蔬;1
愬;1
齟;1
麤;1
卅;1
匆;1
艸;1
皁;1
妝;1
抓;1
剏;1
帚;1
怱;1
笊;1
叟;1
奘;1
娵;1
崢;1
掫;1
淙;1
偬;1
棗;1
筲;1
腠;1
剿;1
勦;1
嫂;1
愴;1
搶;1
歃;1
滄;1
箒;1
箏;1
粽;1
嗾;1
嗽;1
漱;1
瘡;1
諍;1
樔;1
艙;1
艘;1
輳;1
錚;1
噪;1
懆;1
澡;1
簇;1
艚;1
蹌;1
譟;1
躁;1
孀;1
籔;1
囃;1
仄;1
惻;1
熄;1
猝;1
杣;1
艝;1
轌;1
忖;1
邨;1
拵;1
蹲;1
臧;1
慥;1
贓;1
蔟;1
鏃;1
佗;1
侘;1
咤;1
粏;1
跎;1
躱;1
紿;1
詒;1
瑇;1
蔕;1
颱;1
褪;1
駘;1
頽;1
薹;1
擡;1
蠆;1
鐓;1
靆;1
拆;1
柝;1
倬;1
啅;1
磔;1
謫;1
戳;1
襷;1
哳;1
撻;1
燵;1
闥;1
眈;1
疸;1
站;1
袒;1
酖;1
啖;1
覃;1
赧;1
毯;1
湍;1
猯;1
痰;1
蜑;1
亶;1
靼;1
摶;1
緞;1
鄲;1
憚;1
潭;1
憺;1
殫;1
澹;1
襌;1
賺;1
餤;1
譚;1
鐔;1
攤;1
朶;1
兌;1
沱;1
娜;1
拿;1
梛;1
駝;1
鴕;1
懦;1
糯;1
餒;1
妲;1
怛;1
獺;1
蟎;1
煖;1
胝;1
笞;1
黹;1
輊;1
雉;1
褫;1
踟;1
篪;1
魑;1
躓;1
黐;1
帙;1
膣;1
蟄;1
鵆;1
狆;1
紂;1
冑;1
胄;1
惆;1
鈕;1
稠;1
誅;1
綢;1
儔;1
鍮;1
疇;1
籌;1
籒;1
躊;1
黜;1
佇;1
杼;1
竚;1
紵;1
楮;1
躇;1
疔;1
佻;1
迢;1
昶;1
冢;1
鬯;1
晁;1
窕;1
悵;1
貂;1
誂;1
蜩;1
趙;1
輒;1
漲;1
髫;1
褶;1
雕;1
鰈;1
齠;1
糶;1
陟;1
飭;1
躅;1
騭;1
趁;1
椹;1
碪;1
鴆;1
闖;1
縋;1
閊;1
鶫;1
褄;1
弖;1
叮;1
彽;1
酊;1
柢;1
牴;1
涕;1
羝;1
逞;1
梃;1
睇;1
裎;1
觝;1
詆;1
啼;1
幀;1
棣;1
渟;1
蜓;1
遉;1
髢;1
酲;1
霆;1
赬;1
騁;1
嚔;1
蟶;1
狄;1
迪;1
剔;1
逖;1
擲;1
糴;1
覿;1
躑;1
屮;1
咥;1
垤;1
耋;1
跌;1
銕;1
輟;1
錣;1
餮;1
忝;1
沾;1
恬;1
殄;1
唸;1
腆;1
覘;1
奠;1
椽;1
碾;1
篆;1
諂;1
廛;1
霑;1
靦;1
輾;1
癜;1
簟;1
囀;1
躔;1
巓;1
癲;1
濔;1
瓧;1
籵;1
竍;1
滌;1
瓰;1
竕;1
涅;1
甸;1
畋;1
鈿;1
臀;1
肚;1
荼;1
蚪;1
屠;1
睹;1
跿;1
覩;1
闍;1
蠹;1
叨;1
夲;1
抖;1
苳;1
荅;1
恫;1
疼;1
荳;1
剳;1
掏;1
掉;1
偸;1
棹;1
棠;1
絛;1
罩;1
搗;1
搨;1
滔;1
溏;1
綯;1
骰;1
榻;1
鬧;1
嶝;1
幢;1
滕;1
縢;1
螗;1
橙;1
橦;1
盪;1
磴;1
螳;1
蹈;1
鞜;1
擣;1
檔;1
礑;1
襠;1
鞳;1
鼕;1
櫂;1
蟷;1
韜;1
鶇;1
竇;1
籐;1
鐺;1
鰧;1
饕;1
儻;1
纛;1
鵇;1
慝;1
牘;1
犢;1
黷;1
吶;1
咄;1
柮;1
訥;1
迚;1
鞆;1
瓲;1
飩;1
遯;1
暾;1
燉;1
呶;1
孥;1
帑;1
弩;1
駑;1
衲;1
慟;1
僮;1
撓;1
儂;1
瞠;1
耨;1
橈;1
獰;1
艟;1
鐃;1
曩;1
髑;1
鯲;1
肭;1
嫩;1
壜;1
罎;1
儺;1
屶;1
魸;1
喃;1
弍;1
錵;1
鳰;1
姙;1
荵;1
佞;1
嚀;1
濘;1
檸;1
捏;1
拈;1
鯰;1
瑙;1
叭;1
坡;1
怕;1
爬;1
玻;1
笆;1
耙;1
菠;1
葩;1
跛;1
坏;1
孛;1
沛;1
佩;1
胚;1
悖;1
旆;1
珮;1
徘;1
湃;1
碚;1
裴;1
霈;1
憊;1
癈;1
擺;1
帛;1
佰;1
陌;1
珀;1
雹;1
搏;1
膊;1
魄;1
駮;1
璞;1
擘;1
檗;1
鰰;1
鱩;1
撥;1
鎺;1
鰙;1
鰚;1
泛;1
范;1
拌;1
胖;1
袢;1
笵;1
絆;1
鈑;1
槃;1
瘢;1
魬;1
樊;1
潘;1
膰;1
燔;1
繙;1
蹣;1
旛;1
攀;1
鷭;1
楾;1
蟇;1
苺;1
玫;1
霾;1
黴;1
貊;1
寞;1
獏;1
貘;1
瀑;1
驀;1
袙;1
跋;1
魃;1
卍;1
輓;1
蟠;1
礬;1
匕;1
丕;1
妣;1
屁;1
陂;1
狒;1
砒;1
秕;1
朏;1
紕;1
俾;1
菲;1
婢;1
痞;1
脾;1
腓;1
琲;1
痹;1
痺;1
蓖;1
裨;1
賁;1
翡;1
蜚;1
鄙;1
鞁;1
榧;1
霏;1
臂;1
嚊;1
髀;1
羆;1
靡;1
鯡;1
鵯;1
譬;1
贔;1
篳;1
謐;1
蹕;1
凭;1
殍;1
馮;1
猋;1
剽;1
嫖;1
慓;1
憑;1
縹;1
飄;1
飆;1
驃;1
鰾;1
嬪;1
擯;1
檳;1
殯;1
蘋;1
嚬;1
繽;1
顰;1
弭;1
媚;1
寐;1
嵋;1
糒;1
薇;1
糜;1
縻;1
麋;1
瀰;1
繆;1
杪;1
眇;1
渺;1
緲;1
藐;1
旻;1
泯;1
罠;1
閔;1
愍;1
緡;1
憫;1
鬢;1
仆;1
孚;1
巫;1
苻;1
咐;1
坿;1
拊;1
罘;1
柎;1
俘;1
郛;1
俯;1
趺;1
桴;1
腑;1
傅;1
艀;1
蜉;1
鳧;1
溥;1
誣;1
孵;1
榑;1
麩;1
賻;1
黼;1
呎;1
瘋;1
諷;1
茯;1
袱;1
匐;1
愎;1
箙;1
蔔;1
蝠;1
蝮;1
輻;1
輹;1
馥;1
鞴;1
鰒;1
彿;1
怫;1
祓;1
髴;1
黻;1
梺;1
刎;1
芬;1
吩;1
忿;1
枌;1
氛;1
濆;1
毋;1
嘸;1
廡;1
憮;1
錻;1
紊;1
秉;1
苹;1
幷;1
炳;1
娉;1
萍;1
屛;1
敝;1
睥;1
聘;1
薜;1
鮃;1
嬖;1
斃;1
辟;1
劈;1
甓;1
襞;1
躄;1
闢;1
霹;1
瓸;1
粨;1
竡;1
扁;1
貶;1
胼;1
褊;1
翩;1
蝙;1
諞;1
駢;1
騙;1
袂;1
汨;1
覓;1
幎;1
冪;1
羃;1
襪;1
衊;1
韈;1
鼈;1
抃;1
眄;1
俛;1
冕;1
湎;1
黽;1
鮸;1
瓣;1
辮;1
匍;1
脯;1
逋;1
葆;1
餔;1
匚;1
彷;1
抔;1
苞;1
咆;1
怦;1
抛;1
枋;1
枹;1
炮;1
疱;1
皰;1
舫;1
袍;1
旁;1
匏;1
堋;1
弸;1
烽;1
絣;1
迸;1
堡;1
彭;1
焙;1
琺;1
硼;1
鉋;1
滂;1
褓;1
靤;1
髣;1
磅;1
髱;1
魴;1
澎;1
鮑;1
麭;1
篷;1
繃;1
幫;1
龐;1
袰;1
畚;1
笨;1
犇;1
姆;1
拇;1
媽;1
謨;1
芒;1
尨;1
茆;1
氓;1
茫;1
厖;1
昴;1
蚌;1
旄;1
眸;1
袤;1
惘;1
蒡;1
膀;1
鋩;1
髦;1
榜;1
儚;1
甍;1
蟒;1
謗;1
鴾;1
懋;1
樸;1
蹼;1
鶩;1
歿;1
梵;1
痲;1
嘛;1
麼;1
眛;1
瑁;1
邁;1
枡;1
茉;1
秣;1
靺;1
曼;1
幔;1
瞞;1
縵;1
謾;1
懣;1
鏝;1
饅;1
鬘;1
樒;1
瓱;1
竓;1
毟;1
挘;1
榁;1
鰘;1
瑪;1
碼;1
茗;1
酩;1
溟;1
暝;1
瞑;1
螟;1
罔;1
耄;1
莽;1
濛;1
曚;1
朦;1
檬;1
矇;1
魍;1
艨;1
沐;1
苜;1
們;1
捫;1
揶;1
椰;1
鵺;1
軈;1
扼;1
軛;1
葯;1
搤;1
龠;1
籥;1
鑰;1
萢;1
簗;1
兪;1
臾;1
萸;1
揄;1
渝;1
腴;1
逾;1
楡;1
瑜;1
瘉;1
蝓;1
覦;1
諛;1
踰;1
肬;1
侑;1
疣;1
囿;1
莠;1
悒;1
蚰;1
釉;1
游;1
蕕;1
蝣;1
牖;1
黝;1
鼬;1
裄;1
舁;1
畬;1
飫;1
蕷;1
歟;1
幺;1
夭;1
孕;1
拗;1
杳;1
殀;1
佯;1
姚;1
昜;1
俑;1
窈;1
恙;1
痒;1
蛹;1
雍;1
徭;1
暘;1
煬;1
瑶;1
慂;1
慵;1
榕;1
漾;1
曄;1
踴;1
壅;1
膺;1
邀;1
瀁;1
燿;1
癢;1
鷂;1
廱;1
瓔;1
癰;1
靨;1
弋;1
杙;1
峪;1
翊;1
薏;1
騾;1
蘿;1
邏;1
鑼;1
磊;1
賚;1
蕾;1
擂;1
儡;1
藾;1
癩;1
罍;1
籟;1
烙;1
珞;1
犖;1
駱;1
埒;1
剌;1
喇;1
溂;1
蝲;1
婪;1
燗;1
闌;1
襤;1
嬾;1
懶;1
籃;1
瀾;1
爛;1
襴;1
巒;1
欒;1
攬;1
欖;1
纜;1
鑾;1
鸞;1
茘;1
俚;1
俐;1
莅;1
莉;1
悧;1
詈;1
犂;1
蜊;1
漓;1
罹;1
釐;1
籬;1
驪;1
勠;1
戮;1
篥;1
擽;1
苙;1
旒;1
榴;1
瘤;1
窿;1
霤;1
嚠;1
瀏;1
鏐;1
餾;1
梠;1
膂;1
閭;1
鑢;1
倆;1
聊;1
崚;1
喨;1
粱;1
裲;1
楞;1
蓼;1
踉;1
寥;1
廖;1
輛;1
撩;1
燎;1
繚;1
魎;1
鐐;1
鷯;1
鬣;1
鱲;1
朸;1
吝;1
悋;1
淪;1
痳;1
稟;1
綸;1
凜;1
醂;1
霖;1
廩;1
懍;1
藺;1
驎;1
躪;1
褸;1
縷;1
泪;1
誄;1
瘰;1
縲;1
羸;1
囹;1
羚;1
聆;1
蛉;1
唳;1
捩;1
綟;1
厲;1
黎;1
鴒;1
澪;1
癘;1
藜;1
糲;1
醴;1
蠡;1
櫺;1
儷;1
鱧;1
櫟;1
瀝;1
礫;1
櫪;1
癧;1
轢;1
靂;1
冽;1
洌;1
楝;1
輦;1
匳;1
縺;1
斂;1
蠊;1
鏈;1
鰊;1
瀲;1
攣;1
臠;1
癴;1
鹵;1
絽;1
輅;1
滷;1
盧;1
濾;1
蘆;1
廬;1
櫚;1
臚;1
櫨;1
艪;1
髏;1
艫;1
轤;1
鑪;1
顱;1
驢;1
鱸;1
陋;1
莨;1
哢;1
琅;1
僂;1
塿;1
榔;1
撈;1
潦;1
瘻;1
﨟;1
薐;1
螂;1
癆;1
簍;1
螻;1
醪;1
臘;1
蘢;1
鏤;1
隴;1
壟;1
朧;1
瓏;1
鑞;1
仂;1
勒;1
碌;1
轆;1
籙;1
侖;1
崙;1
萵;1
猥;1
矮;1
薈;1
穢;1
綰;1
彎;1
